id,makeName,created_at,updated_at
1,Agilent-Keysight,2011-06-24 10:01:33,2016-09-19 15:06:40
2,Google,2011-06-24 10:01:33,2011-06-24 10:01:33
3,Motorola,2011-06-24 10:01:33,2011-06-24 10:01:33
4,Dell,2011-06-24 10:01:33,2011-06-24 10:01:33
5,General Dynamics,2011-06-24 10:01:33,2011-06-24 10:01:33
6,Fantom Drives,2011-06-24 10:01:33,2011-06-24 10:01:33
7,National Instruments,2011-06-24 10:01:33,2011-06-24 10:01:33
8,Sencore,2011-06-24 10:01:33,2011-06-24 10:01:33
9,Tektronix,2011-06-24 10:01:33,2011-06-24 10:01:33
10,HP-Agilent,2011-06-24 10:01:33,2011-06-24 10:01:33
11,DEGEM,2011-06-24 10:01:33,2011-06-24 10:01:33
12,FXR,2011-06-24 10:01:33,2011-06-24 10:01:33
13,Trinicon,2011-06-24 10:01:33,2011-06-24 10:01:33
14,Logical Devices,2011-06-24 10:01:33,2011-07-13 14:58:56
15,Apple,2011-06-24 10:01:33,2011-06-24 10:01:33
16,Lexel Laser,2011-06-24 10:01:33,2011-06-24 10:01:33
17,Electro Impulse, Inc.,2011-06-24 10:01:33,2011-06-24 10:01:33
18,Anritsu,2011-06-24 10:01:33,2011-06-24 10:01:33
19,Modern Optics,2011-06-24 10:01:33,2011-06-24 10:01:33
20,Newport,2011-06-24 10:01:33,2011-06-24 10:01:33
21,Micromanipulator,2011-06-24 10:01:33,2011-06-24 10:01:33
22,iRobot,2011-06-24 10:01:33,2011-06-24 10:01:33
23,BK Precision,2011-06-24 10:01:33,2011-06-24 10:01:33
24,IFR,2011-06-24 10:01:33,2011-06-24 10:01:33
25,Bausch & Lomb,2011-06-24 10:01:33,2011-06-24 10:01:33
26,HP,2011-06-24 10:01:33,2011-06-24 10:01:33
27,Neos,2011-06-24 10:01:33,2011-06-24 10:01:33
28,Optilab,2011-06-24 10:01:33,2011-06-24 10:01:33
29,Thor Labs,2011-06-24 10:01:33,2011-06-24 10:01:33
30,Omnichrome,2011-06-24 10:01:33,2011-06-24 10:01:33
31,Stanford Research Systems,2011-06-24 10:01:33,2011-06-24 10:01:33
32,IntraAction,2011-06-24 10:01:33,2011-06-24 10:01:33
33,Keithley,2011-06-24 10:01:33,2011-06-24 10:01:33
34,Santec,2011-06-24 10:01:33,2011-06-24 10:01:33
35,Valhalla,2011-06-24 10:01:33,2011-06-24 10:01:33
36,AEMC,2011-06-24 10:01:33,2011-06-24 10:01:33
37,Motortest,2011-06-24 10:01:33,2011-06-24 10:01:33
38,Heliocentris,2011-06-24 10:01:33,2011-06-24 10:01:33
39,F.W. Bell,2011-06-24 10:01:33,2011-06-24 10:01:33
40,Hampden,2011-06-24 10:01:33,2011-06-24 10:01:33
41,Power Tek,2011-06-24 10:01:33,2011-06-24 10:01:33
42,Dranetz,2011-06-24 10:01:33,2011-06-24 10:01:33
43,Liebert,2011-06-24 10:01:33,2011-06-24 10:01:33
44,Sorensen,2011-06-24 10:01:33,2011-06-24 10:01:33
45,Greenerd,2011-06-24 10:01:33,2011-06-24 10:01:33
46,Pexto,2011-06-24 10:01:33,2011-06-24 10:01:33
47,Baldor,2011-06-24 10:01:33,2011-09-26 18:59:28
48,Intelitek,2011-06-24 10:01:33,2011-06-24 10:01:33
49,Clausing,2011-06-24 10:01:33,2011-06-24 10:01:33
50,Regal,2011-06-24 10:01:33,2011-06-24 10:01:33
51,Delta,2011-06-24 10:01:33,2011-06-24 10:01:33
52,Sunny Machinery,2011-06-24 10:01:33,2015-04-08 14:38:22
53,Cleveland Steel Tool Company,2011-06-24 10:01:33,2011-06-24 10:01:33
54,Haas,2011-06-24 10:01:33,2011-06-24 10:01:33
55,Hardinge,2011-06-24 10:01:33,2011-06-24 10:01:33
56,Light Machines Corporation,2011-06-24 10:01:33,2011-06-24 10:01:33
58,Rockwell,2011-06-24 10:01:33,2011-06-24 10:01:33
59,Di Acro,2011-06-24 10:01:33,2011-06-24 10:01:33
60,StrataSys,2011-06-24 10:01:33,2011-06-24 10:01:33
61,Cyclone Manufacturing,2011-06-24 10:01:33,2011-06-24 10:01:33
62,Wilton,2011-06-24 10:01:33,2011-06-24 10:01:33
63,Performax,2011-06-24 10:01:33,2011-06-24 10:01:33
64,DeWalt,2011-06-24 10:01:33,2011-06-24 10:01:33
65,Kalamazoo,2011-06-24 10:01:33,2011-06-24 10:01:33
66,SSC,2011-06-24 10:01:33,2011-06-24 10:01:33
67,Powermatic,2011-06-24 10:01:33,2011-06-24 10:01:33
68,Wellsaw,2011-06-24 10:01:33,2011-06-24 10:01:33
69,Podgor,2011-06-24 10:01:33,2011-06-24 10:01:33
70,Lincoln,2011-06-24 10:01:33,2011-06-24 10:01:33
71,Miller,2011-06-24 10:01:33,2011-06-24 10:01:33
72,Sympodium,2011-06-24 10:01:33,2011-06-24 10:01:33
73,Samsung,2011-06-24 10:01:33,2011-06-24 10:01:33
74,Feedback,2011-06-24 10:01:33,2011-06-24 10:01:33
75,Comdyna,2011-06-24 10:01:33,2011-06-24 10:01:33
76,Educational Control Products,2011-06-24 10:01:33,2011-06-24 10:01:33
77,Compellent,2011-06-24 10:01:33,2011-08-10 18:42:53
78,Lab-Volt,2011-06-24 10:01:33,2011-06-24 10:01:33
79,MFJ,2011-06-24 10:01:33,2011-06-24 10:01:33
80,LeCroy,2011-06-24 10:01:33,2011-06-24 10:01:33
81,Advanced Receiver Research,2011-06-24 10:01:33,2011-06-24 10:01:33
82,Fluke,2011-06-24 10:01:33,2011-06-24 10:01:33
83,Tin Knocker,2011-07-15 18:52:05,2011-07-15 19:10:39
84,Cedarberg,2011-09-26 19:07:54,2011-09-26 19:07:54
85,Excalibur,2011-09-26 19:11:56,2011-09-26 19:11:56
86,Roland,2011-09-26 19:16:36,2011-09-26 19:16:36
88,ASUS,2011-10-13 17:05:17,2011-10-13 17:05:17
89,Velodyne,2011-10-14 17:22:46,2011-10-14 17:22:46
90,LPKF,2011-10-24 12:27:51,2011-10-24 12:27:51
91,LaserPro,2011-10-31 14:09:28,2011-10-31 14:09:28
92,Magtrol,2011-12-08 13:52:46,2011-12-08 13:52:46
93,CSZ,2011-12-08 20:38:59,2011-12-08 20:38:59
94,Mitsubishi,2012-01-27 15:03:59,2012-01-27 15:03:59
95,Cisco,2012-02-27 14:38:21,2012-02-27 14:38:21
96,APC,2012-03-09 17:21:44,2012-03-09 17:21:44
97,Sunbrite,2012-05-08 19:22:29,2012-05-08 19:22:29
98,Phillips,2012-06-05 15:09:57,2012-06-05 15:09:57
99,Seagate,2012-06-05 17:09:37,2012-06-05 17:09:37
100,CMS,2012-06-12 18:29:33,2012-06-12 18:29:33
101,Super Micro,2012-06-18 12:47:41,2012-06-18 12:47:41
102,I-INC,2012-06-25 16:48:02,2012-06-25 16:48:02
103,Hyundai,2012-06-25 17:08:42,2012-06-25 17:08:42
104,Sanyo,2012-06-25 19:38:12,2012-06-25 19:38:12
105,Panasonic,2012-06-27 13:44:46,2012-06-27 13:44:46
106,Newmark,2012-06-27 19:32:09,2012-06-27 19:32:09
107,Buffalo,2012-07-17 18:12:34,2012-07-17 18:12:34
108,Toshiba,2012-08-28 16:42:26,2012-08-28 16:42:26
109,Pride Mobility,2012-09-05 19:50:34,2012-09-05 19:50:34
110,Imation,2012-09-12 14:38:56,2012-09-17 11:15:27
111,Acer,2012-09-13 14:34:59,2012-09-13 14:34:59
112,Planar,2012-09-14 13:04:01,2012-09-14 13:28:34
114,Trimble,2012-10-16 20:46:07,2012-10-16 20:46:07
115,HTC,2012-11-07 16:16:17,2012-11-07 16:16:17
116,xerox,2012-11-09 18:12:10,2012-11-09 18:12:10
117,AGT,2012-11-26 19:56:55,2012-11-26 19:56:55
118,Western Digital,2012-11-28 19:11:08,2012-11-28 19:11:08
119,AMREL (American Reliance),2013-01-09 12:10:21,2013-01-09 12:10:50
120,CompuLab,2013-02-04 18:52:23,2013-02-04 18:52:23
121,Foster-Miller,2013-02-05 13:12:12,2013-02-05 13:12:12
122,Chroma,2013-02-12 16:11:51,2013-02-12 16:11:51
123,1ClickMachine,2013-03-04 19:02:45,2013-03-04 19:02:45
124,LG,2013-03-14 19:30:18,2013-03-14 19:30:18
125,MAXTOR,2013-03-14 20:13:23,2013-03-14 20:13:23
126,CablesToGo (C2G),2013-04-22 16:06:39,2013-04-22 16:07:00
127,Brother,2013-04-30 18:00:52,2013-04-30 18:00:52
128,Delta Microwave,2013-04-30 20:36:20,2013-04-30 20:36:20
129,Canon,2013-05-09 19:23:54,2013-05-09 19:23:54
130,Addonics,2013-06-03 18:55:03,2013-06-03 18:55:03
131,ELO,2013-06-05 13:49:20,2013-06-05 13:49:20
132,Raritan,2013-06-12 19:07:56,2013-06-12 19:08:27
133,Triview,2013-06-17 19:58:37,2013-06-17 19:58:37
134,Artigo,2013-06-18 14:03:48,2013-06-18 14:03:48
135,Macally,2013-09-04 12:36:54,2013-09-04 12:36:54
136,Epson,2013-10-28 17:53:31,2013-10-28 17:53:31
137,CAST,2013-11-04 16:45:44,2013-11-04 16:45:44
138,Quanser,2013-11-13 19:39:27,2013-11-13 19:39:27
139,Lenovo,2013-11-18 15:17:25,2013-11-18 15:17:25
140,Kodak,2014-01-09 18:29:18,2014-01-09 18:29:18
141,KVH,2014-02-20 20:37:19,2014-02-20 20:37:19
142,Thermaltake,2014-02-21 13:51:24,2014-02-21 13:51:24
143,Wacom,2014-05-09 18:46:39,2014-05-09 18:46:39
144,APEX,2014-05-12 18:08:30,2014-05-12 18:09:59
145,Silicon Power,2014-05-12 19:55:17,2014-05-12 19:55:17
146,Lexmark,2014-05-23 14:18:53,2014-05-23 14:18:53
147,Magnavox,2014-07-23 15:39:21,2014-07-23 15:39:21
148,MakerBot,2014-08-21 12:38:57,2014-08-21 12:38:57
149,HandyScopes,2014-08-26 12:53:49,2014-08-26 12:53:49
150,EVGA,2014-09-16 13:39:21,2014-09-16 13:39:21
151,Gigabyte,2014-12-12 15:57:30,2014-12-12 15:57:30
152,Nikon,2015-01-06 13:11:35,2015-01-06 13:11:35
153,Microsoft,2015-01-07 20:13:55,2015-01-07 20:13:55
154,Hak5,2015-01-07 20:25:33,2015-01-07 20:25:33
155,Belkin,2015-02-18 17:18:48,2015-02-18 17:18:48
156,Polycom,2015-03-30 19:44:24,2015-03-30 19:44:24
157,Netgear,2015-04-07 15:52:03,2015-04-07 15:52:03
158,Sharp,2015-04-10 19:02:20,2015-04-10 19:02:20
159,PowerFilm,2015-07-30 20:05:24,2015-07-30 20:05:24
160,Rethink Robotics,2015-08-12 18:46:35,2015-08-12 18:46:35
161,DJI,2015-09-01 12:20:30,2015-09-01 12:20:30
162,Oculus,2015-09-21 14:33:09,2015-09-21 14:33:09
163,Logicube,2015-10-09 15:33:00,2015-10-09 15:33:00
164,Ettus,2015-10-14 18:12:54,2015-10-14 18:12:54
165,EMC,2015-12-08 14:45:45,2015-12-08 14:45:45
166,MobileRobots,2015-12-17 13:04:48,2015-12-17 13:04:48
167,ActivMediaRobotics,2015-12-17 15:21:31,2015-12-17 15:21:31
168,Dodge,2016-02-22 13:47:48,2016-02-22 13:47:48
169,Sager,2016-03-18 16:33:21,2016-03-18 16:33:21
170,Vytran,2016-03-18 17:42:02,2016-03-18 17:42:02
171,GoPro,2016-04-06 16:27:29,2016-04-06 16:27:29
172,Extreme Networks,2016-05-05 14:58:46,2016-05-05 14:58:46
173,TARDEC,2016-06-16 11:23:50,2016-06-16 11:23:50
174,Clearpath Robotics,2016-07-01 13:42:52,2016-07-01 13:42:52
175,Huawei,2016-07-12 11:23:43,2016-07-12 11:23:43
176,Keysight Technologies,2016-08-16 12:14:43,2016-08-16 12:14:43
177,Generac,2016-08-24 14:34:11,2016-08-24 14:34:11
